ArenaOfValor,ArenaOfValor_1920x1080_60_8bit_420.yuv
BQMall,BQMall_832x480_60.yuv
BQSquare,BQSquare_416x240_60.yuv
BQTerrace,BQTerrace_1920x1080_60.yuv
BasketballDrillText,BasketballDrillText_832x480_50.yuv
BasketballDrill,BasketballDrill_832x480_50.yuv
BasketballDrive,BasketballDrive_1920x1080_50.yuv
BasketballPass,BasketballPass_416x240_50.yuv
BlowingBubbles,BlowingBubbles_416x240_50.yuv
Cactus,Cactus_1920x1080_50.yuv
Campfire,Campfire_3840x2160_30fps_10bit_420_bt709_videoRange.yuv
CatRobot,CatRobot_3840x2160_60fps_10bit_420_jvet.yuv
DaylightRoad2,DaylightRoad2_3840x2160_60fps_10bit_420.yuv
FoodMarket4,FoodMarket4_3840x2160_60fps_10bit_420.yuv
FourPeople,FourPeople_1280x720_60.yuv
Johnny,Johnny_1280x720_60.yuv
KristenAndSara,KristenAndSara_1280x720_60.yuv
MarketPlace,MarketPlace_1920x1080_60fps_10bit_420.yuv
ParkRunning3,ParkRunning3_3840x2160_50fps_10bit_420.yuv
PartyScene,PartyScene_832x480_50.yuv
RaceHorses,RaceHorses_416x240_30.yuv
RaceHorsesC,RaceHorses_832x480_30.yuv
RitualDance,RitualDance_1920x1080_60fps_10bit_420.yuv
SlideEditing,SlideEditing_1280x720_30.yuv
SlideShow,SlideShow_1280x720_20.yuv
Tango2,Tango2_3840x2160_60fps_10bit_420.yuv